Attribute,Index,Clean Value,Cleaned Value
ProviderNumber,1,10018,51402.58483375114
ProviderNumber,6,10018,50084.46736959008
ProviderNumber,9,10019,33832.33447154087
ProviderNumber,34,10001,39377.57473911376
ProviderNumber,39,10001,56520.78380569755
ProviderNumber,42,10001,49106.586447322865
ProviderNumber,56,10005,54118.54622862188
ProviderNumber,61,10005,57649.873159545634
ProviderNumber,63,10005,38400.40954892362
ProviderNumber,64,10005,57491.70045973483
ProviderNumber,81,10006,34276.153397200724
ProviderNumber,85,10006,56513.162365316784
ProviderNumber,86,10006,30922.702075759964
ProviderNumber,88,10006,43436.27224572174
ProviderNumber,89,10006,34170.61317292045
ProviderNumber,90,10006,39360.87614124249
ProviderNumber,101,10007,57933.96284732227
ProviderNumber,103,10007,36846.77229051329
ProviderNumber,104,10007,37102.15764589336
ProviderNumber,107,10007,49052.58071092276
ProviderNumber,108,10007,52068.34101222105
ProviderNumber,128,10008,55498.47925358615
ProviderNumber,133,10008,52553.65214719891
ProviderNumber,134,10008,59889.50391790147
ProviderNumber,148,10009,59949.74338380382
ProviderNumber,149,10009,34714.51009575788
ProviderNumber,152,10009,46743.47687227384
ProviderNumber,161,10009,56240.95711856024
ProviderNumber,177,10010,38986.85450744674
ProviderNumber,178,10010,46788.54990470406
ProviderNumber,182,10010,45127.049491317346
ProviderNumber,184,10010,49099.05375207262
ProviderNumber,190,10010,58748.004953887816
ProviderNumber,196,10011,34019.58120531838
ProviderNumber,199,10011,44109.6713203846
ProviderNumber,200,10011,39344.81410128181
ProviderNumber,206,10011,56471.39303997575
ProviderNumber,207,10011,45298.40107624418
ProviderNumber,211,10011,37910.38154408951
ProviderNumber,212,10011,33438.84060649059
ProviderNumber,218,10011,50148.948552190624
ProviderNumber,221,10012,42664.98585854506
ProviderNumber,224,10012,41778.13537319221
ProviderNumber,227,10012,44881.8453100327
ProviderNumber,230,10012,42136.19582098594
ProviderNumber,237,10012,41866.800656521715
ProviderNumber,238,10012,54645.1526638946
ProviderNumber,243,10012,36919.61748760404
ProviderNumber,246,10015,31327.43425830488
ProviderNumber,250,10015,46418.72882706703
ProviderNumber,252,10015,57644.72399817674
ProviderNumber,256,10015,54031.4711527225
ProviderNumber,263,10015,37850.39573058229
ProviderNumber,270,10016,53918.59207947608
ProviderNumber,271,10016,57398.43890540892
ProviderNumber,272,10016,40381.92292960089
ProviderNumber,273,10016,46593.4963338883
ProviderNumber,279,10016,49779.33219837652
ProviderNumber,280,10016,58099.353701650194
ProviderNumber,284,10016,32282.274449262964
ProviderNumber,288,10016,37241.0086329341
ProviderNumber,294,10016,54859.46197614735
ProviderNumber,295,10018,56991.98220300506
ProviderNumber,301,10018,39668.32482650969
ProviderNumber,308,10018,40874.58600904121
ProviderNumber,320,10038,42185.96985406295
ProviderNumber,321,10038,53416.43484206525
ProviderNumber,324,10038,57011.98992914338
ProviderNumber,328,10038,59832.17260159111
ProviderNumber,329,10038,34624.110905281355
ProviderNumber,330,10038,50630.40525149615
ProviderNumber,338,10055,58646.24006824135
ProviderNumber,341,10055,54412.380911318054
ProviderNumber,342,10055,36624.98093738854
ProviderNumber,348,10055,37298.121001387066
ProviderNumber,351,10056,49530.5152612999
ProviderNumber,361,10086,48633.050915735475
ProviderNumber,368,10086,51027.065035351305
ProviderNumber,373,10086,31566.60662600955
ProviderNumber,376,10086,43994.2669077601
ProviderNumber,379,10086,54992.03102894026
ProviderNumber,381,10087,35831.5086271648
ProviderNumber,393,10108,50251.35162346776
ProviderNumber,403,10108,37471.09099780687
ProviderNumber,406,10108,35899.2388640172
ProviderNumber,413,10158,54738.61461640972
ProviderNumber,424,10164,42137.08676705993
ProviderNumber,425,10164,57857.09957336721
ProviderNumber,434,20017,68488.10616116687
ProviderNumber,442,20017,96779.44521391556
ProviderNumber,443,20017,81046.429212947
ProviderNumber,449,20017,77575.65026022091
ProviderNumber,455,10019,41320.69688812608
ProviderNumber,457,10019,52557.86531033472
ProviderNumber,471,10021,44406.90022805439
ProviderNumber,483,10021,58303.626797538825
ProviderNumber,485,10021,42913.853223036334
ProviderNumber,495,10022,40629.770120276895
ProviderNumber,497,10022,32311.74620336769
ProviderNumber,500,10022,47719.94070216689
ProviderNumber,504,10022,45619.326512682535
ProviderNumber,522,10023,52777.686798242146
ProviderNumber,529,10023,48697.49909298546
ProviderNumber,536,10023,47010.42119861223
ProviderNumber,545,10024,40586.927464348824
ProviderNumber,556,10024,46317.83774403699
ProviderNumber,560,10024,53513.77445247474
ProviderNumber,563,10024,47302.814329209104
ProviderNumber,594,10027,39456.62186065503
ProviderNumber,621,10029,35818.416304679966
ProviderNumber,625,10029,36313.3726338263
ProviderNumber,636,10029,44199.020971022095
ProviderNumber,641,10029,57122.00462218591
ProviderNumber,645,10032,36286.3835756498
ProviderNumber,663,10032,36747.35562462007
ProviderNumber,664,10032,34216.90423731872
ProviderNumber,685,10033,56564.45128318207
ProviderNumber,707,10034,50844.9275596531
ProviderNumber,716,10034,58506.15084344257
ProviderNumber,723,10035,32690.102808388307
ProviderNumber,729,10035,45446.28045038385
ProviderNumber,732,10035,56043.764389114694
ProviderNumber,749,10036,59547.52464508274
ProviderNumber,755,10036,58743.93178738821
ProviderNumber,756,10036,37602.77863626757
ProviderNumber,765,10036,60073.51130581852
ProviderNumber,779,10039,59693.92324523339
ProviderNumber,780,10039,56342.59470276087
ProviderNumber,782,10039,44940.671444387335
ProviderNumber,783,10039,37180.35380505016
ProviderNumber,794,10039,45140.77693413478
ProviderNumber,797,10039,45216.827887337495
ProviderNumber,800,10039,46477.3531312747
ProviderNumber,805,10040,32886.70920710972
ProviderNumber,807,10040,42083.1720826975
ProviderNumber,809,10040,44478.94721491227
ProviderNumber,826,10040,57708.99476759558
ProviderNumber,837,10043,49477.14423200179
ProviderNumber,852,10043,30535.24311830919
ProviderNumber,856,10044,59246.51555887002
ProviderNumber,861,10044,57883.56638858468
ProviderNumber,876,10044,59857.36599354732
ProviderNumber,884,10045,38655.42667438357
ProviderNumber,898,10045,47153.22461868275
ProviderNumber,907,10046,39092.92774991977
ProviderNumber,919,10046,30664.91750511076
ProviderNumber,928,10046,41612.60751624495
ProviderNumber,940,10047,39920.28037282557
ProviderNumber,952,10047,32680.63135851464
ProviderNumber,961,10049,45117.97960799525
ProviderNumber,970,10049,43405.91309565745
ProviderNumber,971,10049,59518.199527451485
ProviderNumber,976,10049,38938.74796441513
ProviderNumber,979,10049,33497.06925030729
ProviderNumber,981,10050,60085.64643704161
ProviderNumber,982,10050,55944.05924274912
ProviderNumber,996,10050,50460.50832109149
ProviderNumber,998,10050,50147.65028288973
HospitalName,9,helen keller memorial hospital,h#elen keller memorial hospital
HospitalName,128,crenshaw community hospital,cr$en#shaw community hospital
HospitalName,182,marshall medical center north,marshall medical?? cente??r north
HospitalName,211,st vincents east,st v#incents# east
HospitalName,212,st vincents east,st vincent%s east
HospitalName,271,shelby baptist medical center,shelby baptist medica%l center
HospitalName,273,shelby baptist medical center,shelby baptist m$edical center
HospitalName,321,stringfellow memorial hospital,str@@ingfellow memorial hosp#ital
HospitalName,354,decatur general hospital,decatu??r general hospital
HospitalName,425,coosa valley medical center,coosa# $valley medical center
HospitalName,443,alaska regional hospital,alask@@a regional hospital
HospitalName,449,alaska regional hospital,a@@laska reg#ional hospital
HospitalName,451,yukon kuskokwim delta reg hospital,$yukon kuskokwim delta reg hospital
HospitalName,452,yukon kuskokwim delta reg hospital,$yukon kuskokwim delta reg hospital
HospitalName,471,dale medical center,@@dale medical center
HospitalName,529,baptist medical center south,baptist medical center south??
HospitalName,685,university of alabama hospital,uni??versity of alabama hospital
HospitalName,765,andalusia regional hospital,andalu$sia re#gional hospital
HospitalName,919,riverview regional medical center,riverview regional medical% center
Address1,354,1201 7th street se,1201 %7th str??eet se
Address1,443,2801 debarr road,2801 de$barr road
Address1,449,2801 debarr road,2801$ de%barr road
Address1,919,600 south third street,600 sou%th third street
Address2,1,empty,e?%?mpty
Address2,2,empty,emp#ty
Address2,6,empty,$e@@mpty
Address2,17,empty,emp%ty
Address2,21,empty,$em$pty
Address2,24,empty,e#mpty#
Address2,28,empty,empt$y
Address2,36,empty,#empt??y
Address2,61,empty,em#p$ty
Address2,63,empty,$e@@mpty
Address2,70,empty,emp??ty
Address2,83,empty,e#mpt%y
Address2,86,empty,e#mpty
Address2,96,empty,e%mp$ty
Address2,104,empty,e??mpty
Address2,105,empty,@@empty
Address2,106,empty,$empt%y
Address2,107,empty,e??mpty
Address2,118,empty,@@emp%ty
Address2,121,empty,emp??ty
Address2,128,empty,empty@@
Address2,129,empty,emp@@t??y
Address2,135,empty,e%mpty
Address2,136,empty,em$#pty
Address2,143,empty,??empty
Address2,146,empty,e@@mp%ty
Address2,149,empty,#empty
Address2,152,empty,em$p$ty
Address2,156,empty,empt%y
Address2,168,empty,emp@@ty
Address2,177,empty,emp@@ty
Address2,182,empty,?@@?empty
Address2,217,empty,@@em$pty
Address2,219,empty,%em#pty
Address2,234,empty,%#empty
Address2,237,empty,e%mpty
Address2,244,empty,#empty
Address2,245,empty,e$m$pty
Address2,246,empty,empt$y??
Address2,252,empty,e@@mpty@@
Address2,284,empty,empty#
Address2,290,empty,emp@@%ty
Address2,305,empty,e@@m#pty
Address2,307,empty,emp%ty
Address2,334,empty,empt$y
Address2,336,empty,e@@mp#ty
Address2,351,empty,e#mpt#y
Address2,358,empty,em??%pty
Address2,367,empty,%empt@@y
Address2,368,empty,%emp$ty
Address2,375,empty,e$mpty
Address2,379,empty,empt@@y
Address2,382,empty,e@@mpt%y
Address2,385,empty,e??mpty#
Address2,390,empty,%empty
Address2,394,empty,e$$mpty
Address2,411,empty,empty@@
Address2,414,empty,em??pty
Address2,421,empty,em%pt@@y
Address2,425,empty,em#pty
Address2,443,empty,empty@@
Address2,474,empty,empty%
Address2,475,empty,emp#$ty
Address2,483,empty,empt%y
Address2,488,empty,em%pty
Address2,491,empty,$empty
Address2,492,empty,emp??t%y
Address2,496,empty,e$mpty
Address2,507,empty,$empty
Address2,508,empty,#empty
Address2,517,empty,em$pty??
Address2,521,empty,empty$
Address2,527,empty,$emp??ty
Address2,529,empty,empt$y
Address2,538,empty,e@@m$pty
Address2,570,empty,emp#t#y
Address2,585,empty,emp%ty
Address2,597,empty,empt@@y
Address2,598,empty,em%p#ty
Address2,603,empty,##empty
Address2,604,empty,e%mpty
Address2,612,empty,empt%y
Address2,614,empty,@@empty$
Address2,616,empty,em%pty
Address2,625,empty,??emp??ty
Address2,626,empty,em#p#ty
Address2,636,empty,e$mpty
Address2,637,empty,??e#mpty
Address2,638,empty,em??pty
Address2,663,empty,??%empty
Address2,686,empty,empty??
Address2,702,empty,%emp#ty
Address2,706,empty,emp#ty
Address2,724,empty,em??pty
Address2,729,empty,e@@mp#ty
Address2,730,empty,em$pty
Address2,735,empty,#empty
Address2,740,empty,emp$ty
Address2,744,empty,empty%
Address2,761,empty,empty@@
Address2,770,empty,em??p%ty
Address2,779,empty,empt??y
Address2,795,empty,empt%??y
Address2,799,empty,empt#y
Address2,801,empty,emp%ty??
Address2,817,empty,$@@empty
Address2,818,empty,e@@mpty
Address2,820,empty,e??mp@@ty
Address2,839,empty,??#empty
Address2,845,empty,??e#mpty
Address2,851,empty,emp@@ty
Address2,856,empty,empt%y
Address2,857,empty,emp%ty
Address2,883,empty,??#empty
Address2,888,empty,e#mpty
Address2,891,empty,em@@pty
Address2,892,empty,empt#??y
Address2,894,empty,e??%mpty
Address2,895,empty,??empt??y
Address2,900,empty,empty??$
Address2,904,empty,emp@@t%y
Address2,905,empty,??empty
Address2,906,empty,empty@@
Address2,909,empty,e#mpt@@y
Address2,912,empty,em%pt??y
Address2,917,empty,emp#%ty
Address2,929,empty,e#mpty@@
Address2,931,empty,e%m??pty
Address2,934,empty,emp#ty
Address2,935,empty,empty??
Address2,940,empty,empty@@
Address2,943,empty,emp%ty
Address2,945,empty,empt@@y
Address2,949,empty,??%empty
Address2,950,empty,e#@@mpty
Address2,972,empty,empty$
Address2,978,empty,??empt$y
Address2,987,empty,empty??
Address2,988,empty,em#pty#
Address2,990,empty,em??pty
Address3,3,empty,emp%ty
Address3,4,empty,empt#y??
Address3,16,empty,@@#empty
Address3,25,empty,??empty
Address3,45,empty,em$pt@@y
Address3,46,empty,e$mpt$y
Address3,49,empty,??empty
Address3,53,empty,e$mpty@@
Address3,68,empty,em%pt??y
Address3,74,empty,em$p%ty
Address3,83,empty,em??pty
Address3,96,empty,??emp@@ty
Address3,102,empty,e%??mpty
Address3,148,empty,#empty
Address3,149,empty,em??pty
Address3,160,empty,emp%$ty
Address3,163,empty,e$mpty
Address3,169,empty,@@empt$y
Address3,180,empty,em$#pty
Address3,186,empty,e%$mpty
Address3,197,empty,empt#y
Address3,206,empty,em%pty
Address3,213,empty,@@em%pty
Address3,214,empty,emp%ty
Address3,220,empty,empt$y
Address3,223,empty,emp#@@ty
Address3,238,empty,e@@mpty
Address3,244,empty,@@emp??ty
Address3,254,empty,%e#mpty
Address3,278,empty,e??mpt@@y
Address3,279,empty,e$mpty
Address3,280,empty,emp%ty%
Address3,282,empty,$empty
Address3,284,empty,??$empty
Address3,285,empty,emp%ty
Address3,286,empty,emp#ty
Address3,288,empty,e??m$pty
Address3,293,empty,#empty
Address3,302,empty,em$pty
Address3,317,empty,em@@pty
Address3,318,empty,em@@pty
Address3,320,empty,em#pty
Address3,329,empty,em%pty
Address3,333,empty,e??mp#ty
Address3,335,empty,e$mp%ty
Address3,337,empty,empt##y
Address3,350,empty,e#??mpty
Address3,373,empty,e#mpty%
Address3,376,empty,e@@mpty
Address3,389,empty,$empty
Address3,398,empty,e??mp#ty
Address3,406,empty,em%pty
Address3,419,empty,#empty
Address3,431,empty,em#p@@ty
Address3,443,empty,empty%
Address3,449,empty,#empty%
Address3,462,empty,e??m%pty
Address3,471,empty,e#@@mpty
Address3,474,empty,empty??
Address3,479,empty,#$empty
Address3,481,empty,empty$
Address3,490,empty,e%mp#ty
Address3,501,empty,em#pty%
Address3,502,empty,em#pty
Address3,506,empty,emp$??ty
Address3,508,empty,em??pt%y
Address3,510,empty,emp%ty
Address3,517,empty,em$pty
Address3,518,empty,empty@@
Address3,519,empty,em#pty$
Address3,527,empty,empty??
Address3,529,empty,????empty
Address3,533,empty,empt$y
Address3,535,empty,em#pty
Address3,536,empty,%empty
Address3,543,empty,e$mpty
Address3,544,empty,emp#ty%
Address3,549,empty,@@empty
Address3,557,empty,emp??ty
Address3,561,empty,empty??
Address3,571,empty,emp??ty
Address3,574,empty,em????pty
Address3,579,empty,empt#y%
Address3,582,empty,e??mpty
Address3,594,empty,empt??y@@
Address3,596,empty,$empty
Address3,602,empty,emp$ty
Address3,607,empty,em#p??ty
Address3,611,empty,e$mpty%
Address3,620,empty,empty#
Address3,621,empty,emp$t$y
Address3,626,empty,em$p??ty
Address3,635,empty,????empty
Address3,641,empty,e??mpty
Address3,645,empty,%empty
Address3,652,empty,emp#ty$
Address3,655,empty,#e$mpty
Address3,666,empty,e%mpty
Address3,667,empty,e$mpty
Address3,670,empty,em??pty
Address3,677,empty,emp%ty
Address3,682,empty,e%mpty%
Address3,683,empty,empt$y
Address3,687,empty,$empt#y
Address3,691,empty,empty????
Address3,694,empty,emp#ty
Address3,695,empty,empty$
Address3,702,empty,em$pt??y
Address3,704,empty,emp@@ty
Address3,709,empty,emp??ty%
Address3,710,empty,emp$ty
Address3,718,empty,empty??
Address3,724,empty,%empty
Address3,727,empty,em$pt$y
Address3,732,empty,%empty
Address3,734,empty,empt$y
Address3,735,empty,#empty
Address3,736,empty,e@@mpty
Address3,739,empty,emp????ty
Address3,742,empty,$empty
Address3,744,empty,emp$t??y
Address3,747,empty,e@@mpty
Address3,748,empty,em@@pty
Address3,755,empty,??empty
Address3,770,empty,em#pty%
Address3,781,empty,emp??ty??
Address3,786,empty,emp#ty$
Address3,789,empty,e??mpty
Address3,803,empty,$empty
Address3,816,empty,empt$%y
Address3,836,empty,emp@@$ty
Address3,845,empty,empty$
Address3,852,empty,emp@??@ty
Address3,870,empty,em#pty
Address3,875,empty,emp??ty??
Address3,882,empty,em#??pty
Address3,885,empty,empt@@y??
Address3,888,empty,em@@pty
Address3,899,empty,empty$#
Address3,903,empty,em%pty??
Address3,909,empty,??emp#ty
Address3,914,empty,empt#y
Address3,924,empty,empty@@
Address3,942,empty,em%pt%y
Address3,946,empty,??empty
Address3,951,empty,??empty
Address3,957,empty,e%mp#ty
Address3,964,empty,%e$mpty
Address3,965,empty,em@@pt#y
Address3,983,empty,em%pty
Address3,986,empty,emp@@ty$
Address3,987,empty,em%pty
City,685,birmingham,$%birmingham
State,271,al,al@@
State,413,al,a??l
State,414,al,a??l
State,765,al,al#
ZipCode,9,35660,128986.13290392276
ZipCode,529,36116,179287.38122471728
PhoneNumber,271,2056208100,8673945137.4831
PhoneNumber,273,2056208100,10445046897.83783
PhoneNumber,354,2563412000,13923796070.093884
PhoneNumber,413,2563321611,11149893592.812357
PhoneNumber,414,2563321611,11149893592.812357
PhoneNumber,449,9072761131,48072752444.83371
PhoneNumber,451,9075436300,43161631870.93339
PhoneNumber,452,9075436300,43161631870.93339
HospitalType,206,acute care hospitals,acute car%e hospitals
HospitalType,276,acute care hospitals,ac??ute care h$ospitals
HospitalType,358,acute care hospitals,acute@@ care h??ospitals
HospitalType,388,acute care hospitals,acute ca#re hospit@@als
HospitalType,546,acute care hospitals,acute ??care hospitals
HospitalType,923,acute care hospitals,acute ca#re hospitals
HospitalOwner,212,voluntary non-profit - private,voluntary non-profit - privat%e
HospitalOwner,529,voluntary non-profit - church,volunta#ry non-profit - church
HospitalOwner,765,proprietary,propri%etary
EmergencyService,529,yes,y%es
Condition,74,heart attack,heart att$a#ck
Condition,84,pneumonia,pne#@@umonia
Condition,136,pneumonia,pneum??on$ia
Condition,243,surgical infection prevention,su#rgical infection prevent%ion
Condition,358,heart attack,heart a??tta$ck
Condition,411,surgical infection prevention,surgic??#al infection prevention
Condition,429,pneumonia,pne%umon$ia
Condition,461,surgical infection prevention,surgical ??inf$ection prevention
Condition,480,pneumonia,@@pneumonia
Condition,568,heart attack,h@@eart attack
Condition,579,pneumonia,pneumon@@ia
Condition,599,heart failure,heart f$a%ilure
Condition,631,pneumonia,pneumoni??a
Condition,640,surgical infection prevention,s$urg#ical infection prevention
Condition,688,surgical infection prevention,surgical infect@@ion$ prevention
Condition,883,heart attack,%heart att%ack
Condition,888,heart failure,heart fail%ure??
Condition,923,surgical infection prevention,surgical in??@@fection prevention
Condition,985,heart attack,heart at#tack
MeasureCode,8,scip-vte-2,scip-vte-2$??
MeasureCode,19,hf-4,$hf-??4
MeasureCode,35,pn-6,pn??@@-6
MeasureCode,44,scip-vte-2,scip-%vt#e-2
MeasureCode,45,ami-1,ami-1??%
MeasureCode,53,hf-2,hf#-2
MeasureCode,65,scip-inf-3,$s#cip-inf-3
MeasureCode,74,ami-5,??a$mi-5
MeasureCode,84,pn-5c,pn-@@5c#
MeasureCode,86,pn-7,pn-$7%
MeasureCode,95,ami-1,a#mi-1
MeasureCode,96,ami-2,am##i-2
MeasureCode,103,hf-2,hf-??2
MeasureCode,107,pn-3b,p$n-3@@b
MeasureCode,112,scip-card-2,sci$p-ca??rd-2
MeasureCode,113,scip-inf-1,sci??p-i??nf-1
MeasureCode,116,scip-inf-4,@@scip-inf-4
MeasureCode,130,hf-4,@@hf-4
MeasureCode,132,pn-3b,pn-3$%b
MeasureCode,136,pn-7,@@$pn-7
MeasureCode,138,scip-inf-1,scip-inf#-1
MeasureCode,146,ami-2,$ami-2
MeasureCode,159,pn-5c,p#n-5@@c
MeasureCode,163,scip-inf-1,scip-inf-1%
MeasureCode,167,scip-inf-6,scip-inf%-6
MeasureCode,176,ami-8a,ami-8@@a
MeasureCode,186,pn-7,pn#-7
MeasureCode,205,hf-4,??%hf-4
MeasureCode,206,pn-2,pn-@??@2
MeasureCode,215,scip-inf-3,scip-inf-3@@
MeasureCode,216,scip-inf-4,sci$p-inf#-4
MeasureCode,222,ami-3,a#m@@i-3
MeasureCode,236,pn-7,pn-7??
MeasureCode,239,scip-inf-2,sc@@ip@@-inf-2
MeasureCode,240,scip-inf-3,sc#$ip-inf-3
MeasureCode,243,scip-vte-1,sci@@p-vte%-1
MeasureCode,246,ami-2,ami-2%#
MeasureCode,253,hf-2,??hf-$2
MeasureCode,254,hf-3,hf%-3
MeasureCode,259,pn-5c,pn-??@@5c
MeasureCode,260,pn-6,$pn-6??
MeasureCode,266,scip-inf-4,scip-$inf-4
MeasureCode,270,ami-1,%am$i-1
MeasureCode,275,ami-7a,ami-%7a
MeasureCode,276,ami-8a,ami$-8#a
MeasureCode,285,pn-6,pn-6@@
MeasureCode,291,scip-inf-4,sc@@ip-%inf-4
MeasureCode,303,hf-2,hf-%2
MeasureCode,331,scip-card-2,sc@@i$p-card-2
MeasureCode,333,hf-3,hf%@@-3
MeasureCode,341,scip-card-2,scip-c$ard-??2
MeasureCode,347,scip-vte-1,scip-vte-1#
MeasureCode,350,ami-2,am%i-2
MeasureCode,358,ami-4,ami-#$4
MeasureCode,362,hf-1,hf-1#
MeasureCode,375,scip-inf-3,scip-inf-$3??
MeasureCode,388,hf-2,hf-##2
MeasureCode,392,pn-3b,p@@n-3b
MeasureCode,411,scip-inf-2,scip-@@inf-2
MeasureCode,415,ami-1,ami-$1
MeasureCode,423,hf-2,hf-??$2
MeasureCode,424,hf-3,h#f$-3
MeasureCode,429,pn-5c,pn??-5c
MeasureCode,443,scip-card-2,sci??p-card-@@2
MeasureCode,445,scip-inf-2,sc??ip-inf-2
MeasureCode,448,scip-inf-6,sci%p-inf-@@6
MeasureCode,452,ami-2,ami-2@@
MeasureCode,461,scip-inf-2,scip#-inf-2
MeasureCode,464,scip-inf-6,scip-inf-%6
MeasureCode,466,scip-vte-2,scip-vte-%2
MeasureCode,470,ami-4,@@ami-4#
MeasureCode,471,ami-5,%ami-$5
MeasureCode,476,hf-3,h$f-3??
MeasureCode,480,pn-4,pn-#4
MeasureCode,497,ami-7a,ami-??7%a
MeasureCode,509,scip-card-2,??scip-card-2
MeasureCode,510,scip-inf-1,sc%#ip-inf-1
MeasureCode,514,scip-inf-6,sci%p-inf@@-6
MeasureCode,526,hf-3,$hf-3
MeasureCode,528,pn-2,p@@n-%2
MeasureCode,536,scip-inf-2,sci#p-inf-2
MeasureCode,546,ami-5,a??mi-5
MeasureCode,568,ami-2,ami-#2
MeasureCode,579,pn-3b,pn-%3b
MeasureCode,581,pn-5c,pn#-5c
MeasureCode,583,pn-7,p#n-7
MeasureCode,585,scip-inf-1,scip-i@@nf-1
MeasureCode,587,scip-inf-3,scip$-inf-3#
MeasureCode,599,hf-1,hf-1%
MeasureCode,601,hf-3,@@hf??-3
MeasureCode,606,pn-5c,pn-??5c
MeasureCode,613,scip-inf-4,scip-inf-??4
MeasureCode,615,scip-vte-1,@@scip#-vte-1
MeasureCode,616,scip-vte-2,scip-vt$e%-2
MeasureCode,618,ami-2,ami-@@2
MeasureCode,626,hf-3,hf-3%$
MeasureCode,630,pn-4,pn-#4@@
MeasureCode,631,pn-5c,pn-@@??5c
MeasureCode,632,pn-6,pn-6@@
MeasureCode,633,pn-7,@??@pn-7
MeasureCode,639,scip-inf-6,scip-%inf-6
MeasureCode,640,scip-vte-1,scip-vt??e-1
MeasureCode,660,scip-inf-1,%scip-inf-1
MeasureCode,662,scip-inf-3,scip-inf-%#3
MeasureCode,667,ami-1,ami-$1
MeasureCode,673,ami-8a,am%@@i-8a
MeasureCode,677,hf-4,hf$-4
MeasureCode,684,scip-card-2,scip-@@card-2#
MeasureCode,688,scip-inf-4,scip%-inf-4
MeasureCode,689,scip-inf-6,sc%ip-inf-6
MeasureCode,691,scip-vte-2,sci??p-vte@@-2
MeasureCode,698,ami-8a,ami$-8a
MeasureCode,701,hf-3,hf@@-3
MeasureCode,717,ami-1,ami-1#
MeasureCode,727,hf-4,h@@f-4??
MeasureCode,738,scip-inf-4,sci%@@p-inf-4
MeasureCode,739,scip-inf-6,s%cip-inf-6
MeasureCode,742,ami-1,ami-??1%
MeasureCode,744,ami-3,ami#-3
MeasureCode,745,ami-4,am??i%-4
MeasureCode,755,pn-4,#pn-4??
MeasureCode,764,scip-inf-6,scip-in#f-6
MeasureCode,800,scip-inf-6,scip-i$nf-6
MeasureCode,802,scip-vte-2,scip%-vte-2
MeasureCode,807,ami-5,am$i-5
MeasureCode,811,hf-2,h%f$-2
MeasureCode,820,scip-card-2,%scip%-card-2
MeasureCode,821,scip-inf-1,scip-inf??-1%
MeasureCode,835,hf-1,hf-%1
MeasureCode,841,pn-4,%pn-4
MeasureCode,854,ami-2,am??@@i-2
MeasureCode,879,ami-2,$ami%-2
MeasureCode,882,ami-5,ami-@@5
MeasureCode,883,ami-7a,%ami-7a
MeasureCode,888,hf-4,hf-4??%
MeasureCode,889,pn-2,pn??-@@2
MeasureCode,893,pn-6,pn@@-6
MeasureCode,896,scip-inf-1,s#$cip-inf-1
MeasureCode,911,ami-7a,a$mi-7a
MeasureCode,913,hf-1,hf%-1
MeasureCode,923,scip-card-2,s@@cip-card@@-2
MeasureCode,931,ami-1,am%i-1
MeasureCode,935,ami-5,#ami-5$
MeasureCode,943,pn-3b,p$n-3b
MeasureCode,954,scip-vte-1,scip-vte-@@1
MeasureCode,966,hf-4,@@hf-4
MeasureCode,967,pn-2,$pn-$2
MeasureCode,973,scip-card-2,sc#ip@@-card-2
MeasureCode,981,ami-1,ami-1$
MeasureCode,983,ami-3,a@@mi-3
MeasureCode,985,ami-5,ami-5$??
MeasureCode,987,ami-8a,ami-$#8a
MeasureCode,994,pn-4,pn-4@@
MeasureCode,995,pn-5c,pn-5@@c@@
MeasureName,113,surgery patients who were given an antibiotic at the right time (within one hour before surgery) to help prevent infection,surg#ery patients who were given an antibiotic at the right time (wit@@hin one hour before surgery) to help prevent infection
MeasureName,136,pneumonia patients assessed and given influenza vaccination,pneu$monia patients assessed and given influenza vaccination
MeasureName,206,pneumonia patients assessed and given pneumococcal vaccination,pneumonia patients assessed and giv$en pneumococcal vaccination
MeasureName,276,heart attack patients given pci within 90 minutes of arrival,heart% attack patients given pci within 90 minutes of arrival
MeasureName,388,heart failure patients given an evaluation of left ventricular systolic (lvs) function,heart failure patients given an evaluation of left ventricula$r systolic (lvs) function
MeasureName,392,pneumonia patients whose initial emergency room blood culture was performed prior to the administration of the first hospital dose of antibiotics,pneumonia patients whose initial emergency room blood culture was performe??d prior to the administration of the first hospital d@@ose of antibiotics
MeasureName,448,surgery patients needing hair removed from the surgical area before surgery who had hair removed using a safer method (electric clippers or hair removal cream c not a razor),surgery patients needing hair removed from the surgical area before surgery who had hair removed using a safer metho$d (electr%ic clippers or hair removal cream c not a razor)
MeasureName,470,heart attack patients given smoking cessation advice/counseling,heart attack patients given smoking cessat$ion advice/counseling
MeasureName,509,surgery patients who were taking heart drugs called beta blockers before coming to the hospital who were kept on the beta blockers during the period just before and after their surgery,surgery patients who were taking heart drugs called beta blockers before?? coming to the hospital who were kept on the beta blockers during the period just before and after their surgery
MeasureName,528,pneumonia patients assessed and given pneumococcal vaccination,pneumonia pat??ients assessed and given pneumococcal vaccination
MeasureName,546,heart attack patients given beta blocker at discharge,heart attack patients given beta blocker at ??discharge
MeasureName,727,heart failure patients given smoking cessation advice/counseling,heart failure patients given smoking cessatio%n advice/counseli@@ng
MeasureName,802,patients who got treatment  at the right time (within 24 hours before or after their surgery) to help prevent blood clots after certain types of surgery,patients who got treatment  at the r#ight time (within 24 hours before or after their surgery) to help prevent blood clots after certain typ%es of surgery
MeasureName,820,surgery patients who were taking heart drugs called beta blockers before coming to the hospital who were kept on the beta blockers during the period just before and after their surgery,surgery patients who were taking heart drugs called beta blockers before coming to the hospital who were kept on the beta blocke$rs during the period just before and after their surgery
MeasureName,995,pneumonia patients given initial antibiotic(s) within 6 hours after arrival,pneu@@monia patients given initial antibiot%ic(s) within 6 hours after arrival
Score,4,empty,e#mpty%
Score,8,empty,e@@mpty
Score,16,80%,80%#
Score,18,92%,9#2$%
Score,23,100%,1$0#0%
Score,25,empty,$emp$ty
Score,26,72%,7#2%#
Score,31,93%,#??93%
Score,34,92%,9#2%
Score,43,86%,86%%
Score,45,80%,8@@0%
Score,51,empty,??e??mpty
Score,56,97%,97%#
Score,57,97%,97%%
Score,65,95%,95%$
Score,66,empty,empt%@@y
Score,68,78%,78#@@%
Score,80,100%,%??100%
Score,99,100%,@@100$%
Score,104,64%,64??%
Score,105,100%,10#0%
Score,112,91%,$91%
Score,118,87%,@@87%$
Score,132,93%,9@@3%
Score,135,62%,$62%#
Score,150,empty,e#mpty
Score,157,100%,@@10$0%
Score,163,100%,@@1$00%
Score,168,78%,78%$
Score,177,93%,93??@@%
Score,182,94%,@@94%
Score,183,94%,94$??%
Score,190,100%,100%@@%
Score,192,100%,??10@@0%
Score,193,86%,@@$86%
Score,223,100%,100%@@
Score,230,100%,10%0%
Score,232,93%,9@@3%
Score,244,97%,97?#?%
Score,246,empty,empty$$
Score,249,empty,emp#$ty
Score,259,96%,??96%
Score,268,90%,90$%
Score,277,86%,86%%
Score,279,97%,9#7%#
Score,281,97%,97?@@?%
Score,285,93%,9%%3%
Score,290,91%,9#%1%
Score,296,empty,emp#ty
Score,299,empty,e??mpty
Score,314,98%,98%%@@
Score,315,96%,%%96%
Score,319,0%,#$0%
Score,323,90%,9@@@@0%
Score,324,100%,$100%
Score,325,97%,#97%
Score,330,91%,9%#1%
Score,337,100%,1??00%
Score,345,98%,98#%#
Score,346,100%,100@@??%
Score,347,100%,@@100%
Score,350,98%,9@@8%
Score,362,90%,90#%
Score,392,89%,89%#
Score,396,100%,#100%
Score,407,92%,9$2#%
Score,432,82%,8%2%
Score,438,100%,10$??0%
Score,443,87%,@@87%
Score,444,96%,96%@@
Score,446,88%,8??8%
Score,448,100%,100##%
Score,449,94%,$94%
Score,454,99%,99??@@%
Score,456,98%,98%#
Score,459,81%,8@@1%%
Score,464,97%,97$%
Score,469,empty,e??mpty
Score,474,66%,??66??%
Score,475,96%,96%$
Score,483,90%,90%$
Score,488,empty,e@@??mpty
Score,490,88%,88@??@%
Score,492,empty,empty#
Score,494,empty,empty@@
Score,512,0%,0%%??
Score,514,100%,1#0$0%
Score,530,94%,#94%
Score,535,97%,9$7??%
Score,539,100%,1??00%%
Score,543,92%,9$2%
Score,545,97%,97$%#
Score,565,92%,$??92%
Score,569,100%,100%$
Score,600,100%,100%#
Score,605,100%,10??@@0%
Score,606,100%,10#0%
Score,607,93%,$93%
Score,611,empty,e%mpty
Score,626,92%,92%????
Score,633,88%,88%@@#
Score,639,100%,1@@0??0%
Score,657,96%,96%#
Score,661,empty,em$pty%
Score,668,98%,#9??8%
Score,671,97%,#97%%
Score,673,98%,%9$8%
Score,693,100%,1%00%
Score,708,93%,??9%3%
Score,714,100%,100%@@@@
Score,726,97%,??$97%
Score,734,99%,99%@@
Score,739,100%,10#0%
Score,741,95%,95??$%
Score,759,89%,89$%
Score,771,empty,em$%pty
Score,807,95%,$9%5%
Score,809,83%,8%3%
Score,818,89%,89%#
Score,825,100%,$10$0%
Score,826,95%,95#%$
Score,836,89%,89#%
Score,840,92%,9#%2%
Score,846,100%,10%0%
Score,849,empty,e#mpty
Score,867,98%,%98%
Score,872,87%,8??7%
Score,890,100%,%1$00%
Score,895,empty,??e@@mpty
Score,896,empty,@@e%mpty
Score,902,100%,1#00%@@
Score,905,100%,1??00%??
Score,911,88%,88??@@%
Score,927,76%,??7$6%
Score,933,100%,??1??00%
Score,953,empty,empty%
Score,959,empty,empt??#y
Score,964,99%,99@@%
Score,1000,88%,8%$8%
Sample,1,empty,em@@$pty
Sample,12,4 patients,4 p@@atients
Sample,13,14 patients,14 p??$atients
Sample,18,37 patients,37 pat??ients
Sample,19,41 patients,41 patient??s
Sample,24,441 patients,441 pat$ient@@s
Sample,25,0 patients,0 pat%#ients
Sample,28,514 patients,514 p$atients
Sample,30,110 patients,110 $patients
Sample,51,0 patients,0 patie??nts
Sample,58,98 patients,98 patients%
Sample,59,211 patients,%211 patients
Sample,66,0 patients,0$ pati#ents
Sample,70,159 patients,159@@ patients
Sample,76,61 patients,61 pati@@ent$s
Sample,81,174 patients,174 p$atients
Sample,82,137 patients,137 pa$tients
Sample,85,138 patients,138 patien#ts
Sample,101,0 patients,0 pat%ients
Sample,113,101 patients,101 $patie??nts
Sample,118,77 patients,7%7 patients
Sample,128,39 patients,39 patients??
Sample,133,9 patients,9 patient@@s
Sample,136,15 patients,15 p#atients
Sample,143,4 patients,$4 patients%
Sample,149,3 patients,3 patient$s
Sample,150,0 patients,0 patient#s
Sample,157,30 patients,30 pat@@ients%
Sample,161,30 patients,30 pat$i%ents
Sample,165,5 patients,5% patients
Sample,166,0 patients,0 patients%
Sample,167,11 patients,$11 pati??ents
Sample,171,6 patients,6 p#atients
Sample,172,2 patients,2 $patient#s
Sample,175,0 patients,0 $$patients
Sample,176,0 patients,0 pa$tients
Sample,180,10 patients,1#0 pati$ents
Sample,233,37 patients,37 patient$s
Sample,256,25 patients,25 pati$ents
Sample,265,14 patients,14 pati@@ents
Sample,268,10 patients,10 patients#
Sample,276,36 patients,36$ patients
Sample,277,210 patients,210 p#atients
Sample,299,empty,e%mpty
Sample,314,81 patients,81 pati@@#ents
Sample,322,157 patients,@@157 patients
Sample,326,102 patients,102 patients#%
Sample,331,23 patients,23 patien#ts
Sample,339,112 patients,112 patients@@
Sample,340,128 patients,128 $patients
Sample,346,1295 patients,12%95 patients
Sample,347,497 patients,497 ??patients
Sample,363,59 patients,59 pa%tients
Sample,368,40 patients,4%0 pati%ents
Sample,374,103 patients,????103 patients
Sample,378,58 patients,58# ??patients
Sample,380,86 patients,86?? patien@@ts
Sample,396,5 patients,5 patie@@n$ts
Sample,400,93 patients,93# patients%
Sample,404,138 patients,138 ??pa$tients
Sample,407,93 patients,93 pati@@ents
Sample,408,89 patients,89 p#ati@@ents
Sample,411,10 patients,10 pa%tients
Sample,412,10 patients,10# patients
Sample,414,125 patients,125 pa%tients#
Sample,416,3 patients,3 pati??ents
Sample,419,4 patients,%4 %patients
Sample,421,0 patients,0 patie$nts
Sample,425,12 patients,1%2 patients
Sample,447,146 patients,#146 pati??ents
Sample,449,226 patients,%226 patient??s
Sample,460,253 patients,253 pat??ients
Sample,469,0 patients,0 pati@@ents
Sample,482,59 patients,59 patien??ts
Sample,493,1 patients,1 p$ati$ents
Sample,499,35 patients,@@35 patient??s
Sample,505,20 patients,$20 p$atients
Sample,508,31 patients,31 patients$
Sample,509,empty,em%pty
Sample,510,2 patients,2?? patie#nts
Sample,551,146 patients,#146# patients
Sample,562,817 patients,81??7 pati%ents
Sample,566,259 patients,259 pat%@@ients
Sample,568,10 patients,10 patien@@ts#
Sample,573,0 patients,0 patie??nts
Sample,586,118 patients,118 patie#nts
Sample,587,116 patients,#116 patients
Sample,592,empty,??$empty
Sample,605,12 patients,12 p%atients
Sample,620,122 patients,122 patie%nts
Sample,624,527 patients,5#27 pati@@ents
Sample,625,570 patients,570 pati$ents
Sample,632,115 patients,115 p??atients
Sample,638,241 patients,241$ pat%ients
Sample,639,1421 patients,1421 patients??#
Sample,643,3 patients,3 p$atient$s
Sample,644,0 patients,0% pa??tients
Sample,649,34 patients,34 pati??ents??
Sample,660,empty,em@@pty
Sample,666,empty,empt#y
Sample,681,357 patients,357 pati@@ents
Sample,683,242 patients,242 pat??ie$nts
Sample,691,224 patients,224 @@p$atients
Sample,700,87 patients,87 patie#nts
Sample,723,0 patients,0 patie@@n#ts
Sample,744,3 patients,3 pa@@tients
Sample,758,52 patients,52 patients%??
Sample,775,193 patients,19$3 patients
Sample,776,193 patients,193% patients
Sample,783,0 patients,0 @@patie$nts
Sample,794,409 patients,$409 patients
Sample,802,269 patients,26#9 patients
Sample,803,123 patients,1$23 patients
Sample,804,134 patients,13$4 patie@@nts
Sample,814,255 patients,255 patien@@#ts
Sample,825,854 patients,854 $patients
Sample,827,315 patients,31??5 patients#
Sample,831,0 patients,0 patien??ts
Sample,837,4 patients,4 pati??@@ents
Sample,838,4 patients,4 patient##s
Sample,849,0 patients,0 patient%??s
Sample,850,5 patients,%5 patients
Sample,864,101 patients,#101 patients
Sample,868,97 patients,97?? patients
Sample,870,3 patients,3 $pat#ients
Sample,877,4 patients,4 pat#ients
Sample,879,12 patients,12 pati$ents
Sample,886,85 patients,85 pati#en%ts
Sample,888,16 patients,16 ??patients
Sample,894,86 patients,86 pat%ients
Sample,896,0 patients,0 patie????nts
Sample,898,0 patients,0 @@%patients
Sample,906,126 patients,126 ??patients
Sample,908,25 patients,25 patie??#nts
Sample,914,350 patients,3??50 patients
Sample,918,196 patients,#196 patie#nts
Sample,932,16 patients,16 pat#ie%nts
Sample,941,8 patients,??8 patient??s
Sample,942,39 patients,39% patients
Sample,953,empty,em#pty@@
Sample,955,empty,$em%pty
Sample,960,2 patients,2?? patients
Sample,967,72 patients,@@72 pa$tients
Sample,970,85 patients,85 @@patients%
Sample,985,3 patients,3 patien@@ts
Sample,987,0 patients,0 patients%
Sample,988,24 patients,24 pati#ents
Sample,990,7 patients,7 pa@@tients
Sample,995,105 patients,105 patie%n%ts
Sample,999,28 patients,28 pa%tients
Stateavg,74,al_ami-5,al_am@@i-5$
Stateavg,107,al_pn-3b,al_pn-3b@@
Stateavg,146,al_ami-2,al_ami-??2
Stateavg,253,al_hf-2,al_hf%-2
Stateavg,433,ak_hf-1,al_hf-1
Stateavg,434,ak_hf-2,al_hf-2
Stateavg,435,ak_hf-3,al_hf-3
Stateavg,436,ak_hf-4,al_hf-4
Stateavg,437,ak_pn-2,al_pn-2
Stateavg,438,ak_pn-3b,al_pn-3b
Stateavg,439,ak_pn-4,al_pn-4
Stateavg,440,ak_pn-5c,al_pn-5c
Stateavg,441,ak_pn-6,al_pn-6
Stateavg,442,ak_pn-7,al_pn-7
Stateavg,444,ak_scip-inf-1,al_scip-inf-1
Stateavg,446,ak_scip-inf-3,al_scip-inf-3
Stateavg,447,ak_scip-inf-4,al_scip-inf-4
Stateavg,449,ak_scip-vte-1,al_scip-vte-1
Stateavg,450,ak_scip-vte-2,al_scip-vte-2
Stateavg,451,ak_ami-1,al_ami-1
Stateavg,471,al_ami-5,al_a%mi-5
Stateavg,585,al_scip-inf-1,al_scip-inf%-1%
Stateavg,738,al_scip-inf-4,al_@@scip-inf-%4
Stateavg,755,al_pn-4,al_pn-4@@
Stateavg,820,al_scip-card-2,al_sc$ip-card-$2
Stateavg,893,al_pn-6,al_p@@n-6
Stateavg,923,al_scip-card-2,al_scip#-card-2
Stateavg,943,al_pn-3b,al_p??n-3b
Stateavg,983,al_ami-3,al_ami@@??-3
